tissue,rows,elapsed_sec
blood,25872063,94.8215696811676
lung,5331844,22.88134455680847
liver,1031867,9.480082750320435
intestine,374931,12.31439995765686
kidney,1006588,20.7789626121521
brain,5928920,31.058374881744385
skin,0,2.2409608364105225
