tissue,rows,elapsed_sec
blood,25872063,69.11586880683899
lung,5331844,17.608784437179565
liver,1031867,8.47724175453186
intestine,374931,4.681047439575195
